{"total":61,"files":[{"id":"11846","pid":"33","name":"200907","text":"200907","size":"1652724778","md5":"","author":"PhuongDofu1","authorId":"12","rootUserId":"12","regdate":"1599465803","type":"dir","path":null,"sync":false,"star":false,"notify":false,"recover":null,"lock":{"status":false,"user":false,"username":null},"share":false,"company":"no","trash":false,"ext":"sharefolder","ext2":"sharefolder","thumb":false,"image":false,"crypt":false,"tag":null,"desc":null,"preview":false,"access":{"download":true,"upload":true,"edit":true,"remove":true,"read":true,"share":true,"guest":true},"count":{"folder":1,"file":76,"memo":0,"history":0},"flag":["share"]},{"id":"12112","pid":"33","name":"share folder","text":"share folder","size":"4949159","md5":"","author":"PhuongDofu1","authorId":"12","rootUserId":"12","regdate":"1600919215","type":"dir","path":null,"sync":false,"star":false,"notify":false,"recover":null,"lock":{"status":false,"user":false,"username":null},"share":false,"company":"no","trash":false,"ext":"sharefolder","ext2":"sharefolder","thumb":false,"image":false,"crypt":false,"tag":null,"desc":null,"preview":false,"access":{"download":true,"upload":true,"edit":true,"remove":true,"read":true,"share":true,"guest":true},"count":{"folder":0,"file":6,"memo":0,"history":0},"flag":["share"]},{"id":"12372","pid":"33","name":"Share Full","text":"Share Full","size":"814152","md5":"","author":"PhuongDofu1","authorId":"12","rootUserId":"12","regdate":"1602726915","type":"dir","path":null,"sync":false,"star":false,"notify":false,"recover":null,"lock":{"status":false,"user":false,"username":null},"share":false,"company":"no","trash":false,"ext":"sharefolder","ext2":"sharefolder","thumb":false,"image":false,"crypt":false,"tag":null,"desc":null,"preview":false,"access":{"download":true,"upload":true,"edit":true,"remove":true,"read":true,"share":true,"guest":true},"count":{"folder":0,"file":5,"memo":0,"history":0},"flag":["share"]},{"id":"11498","pid":"33","name":"Test 1","text":"Test 1","size":"688563","md5":"","author":"PhuongDofu1","authorId":"12","rootUserId":"12","regdate":"1596093446","type":"dir","path":null,"sync":false,"star":true,"notify":false,"recover":null,"lock":{"status":false,"user":false,"username":null},"share":false,"company":"no","trash":false,"ext":"sharefolder","ext2":"sharefolder","thumb":false,"image":false,"crypt":false,"tag":null,"desc":null,"preview":false,"access":{"download":true,"upload":true,"edit":true,"remove":true,"read":true,"share":true,"guest":true},"count":{"folder":2,"file":4,"memo":0,"history":0},"flag":["share"]},{"id":"12256","pid":"33","name":"Test share permission","text":"Test share permission","size":"0","md5":"","author":"PhuongDofu1","authorId":"12","rootUserId":"12","regdate":"1602207666","type":"dir","path":null,"sync":false,"star":false,"notify":false,"recover":null,"lock":{"status":false,"user":false,"username":null},"share":false,"company":"no","trash":false,"ext":"sharefolder","ext2":"sharefolder","thumb":false,"image":false,"crypt":false,"tag":null,"desc":null,"preview":false,"access":{"download":true,"upload":true,"edit":true,"remove":true,"read":true,"share":true,"guest":true},"count":{"folder":0,"file":0,"memo":0,"history":0},"flag":["share"]},{"id":"12166","pid":"33","name":"test-share-folder","text":"test-share-folder","size":"295283","md5":"","author":"PhuongDofu1","authorId":"12","rootUserId":"12","regdate":"1601449557","type":"dir","path":null,"sync":false,"star":false,"notify":false,"recover":null,"lock":{"status":false,"user":false,"username":null},"share":false,"company":"no","trash":false,"ext":"sharefolder","ext2":"sharefolder","thumb":false,"image":false,"crypt":false,"tag":null,"desc":null,"preview":false,"access":{"download":true,"upload":true,"edit":true,"remove":true,"read":true,"share":true,"guest":true},"count":{"folder":0,"file":2,"memo":0,"history":0},"flag":["share"]},{"id":"11943","pid":"33","name":"1 (4).jpg","text":"1 (4).jpg","size":"84160","md5":"","author":"PhuongDofu1","authorId":"12","rootUserId":"12","regdate":"1599612774","type":"file","path":null,"sync":false,"star":true,"notify":false,"recover":null,"lock":{"status":false,"user":false,"username":null},"share":false,"company":"no","trash":false,"ext":"jpg","ext2":"jpg","thumb":false,"image":true,"crypt":false,"tag":null,"desc":null,"preview":true,"access":{"download":true,"upload":false,"edit":true,"remove":true,"read":true,"share":true,"guest":true},"count":{"folder":0,"file":0,"memo":0,"history":0},"flag":[""]},{"id":"12144","pid":"33","name":"bong sen 3.jpg","text":"bong sen 3.jpg","size":"4824","md5":"","author":"Ngo Luu Name","authorId":"92","rootUserId":null,"regdate":"1599635470","type":"file","path":null,"sync":false,"star":false,"notify":false,"recover":null,"lock":{"status":false,"user":false,"username":null},"share":false,"company":"no","trash":false,"ext":"jpg","ext2":"jpg","thumb":false,"image":true,"crypt":false,"tag":null,"desc":null,"preview":true,"access":{"download":true,"upload":false,"edit":true,"remove":true,"read":true,"share":true,"guest":true},"count":{"folder":0,"file":0,"memo":0,"history":0},"flag":[""]},{"id":"12135","pid":"33","name":"c\u00e1 nh\u1ecf (1).jpg","text":"c\u00e1 nh\u1ecf (1).jpg","size":"10603","md5":"","author":"PhuongDofu1","authorId":"12","rootUserId":"12","regdate":"1601021404","type":"file","path":null,"sync":false,"star":false,"notify":false,"recover":null,"lock":{"status":false,"user":false,"username":null},"share":false,"company":"no","trash":false,"ext":"jpg","ext2":"jpg","thumb":false,"image":true,"crypt":false,"tag":null,"desc":null,"preview":true,"access":{"download":true,"upload":false,"edit":true,"remove":true,"read":true,"share":true,"guest":true},"count":{"folder":0,"file":0,"memo":0,"history":0},"flag":[""]},{"id":"12142","pid":"33","name":"c\u00e1 nh\u1ecf (2).jpg","text":"c\u00e1 nh\u1ecf (2).jpg","size":"10603","md5":"","author":"PhuongDofu1","authorId":"12","rootUserId":null,"regdate":"1601021365","type":"file","path":null,"sync":false,"star":false,"notify":false,"recover":null,"lock":{"status":false,"user":false,"username":null},"share":false,"company":"no","trash":false,"ext":"jpg","ext2":"jpg","thumb":false,"image":true,"crypt":false,"tag":null,"desc":null,"preview":true,"access":{"download":true,"upload":false,"edit":true,"remove":true,"read":true,"share":true,"guest":true},"count":{"folder":0,"file":0,"memo":0,"history":0},"flag":[""]},{"id":"12134","pid":"33","name":"c\u00e1 nh\u1ecf.jpg","text":"c\u00e1 nh\u1ecf.jpg","size":"10603","md5":"","author":"PhuongDofu1","authorId":"12","rootUserId":"12","regdate":"1601021365","type":"file","path":null,"sync":false,"star":false,"notify":false,"recover":null,"lock":{"status":false,"user":false,"username":null},"share":false,"company":"no","trash":false,"ext":"jpg","ext2":"jpg","thumb":false,"image":true,"crypt":false,"tag":null,"desc":null,"preview":true,"access":{"download":true,"upload":false,"edit":true,"remove":true,"read":true,"share":true,"guest":true},"count":{"folder":0,"file":0,"memo":0,"history":0},"flag":[""]},{"id":"12139","pid":"33","name":"Calendar6.2_2018-11-16 (1).png","text":"Calendar6.2_2018-11-16 (1).png","size":"101801","md5":"","author":"PhuongDofu1","authorId":"12","rootUserId":"12","regdate":"1601024244","type":"file","path":null,"sync":false,"star":false,"notify":false,"recover":null,"lock":{"status":false,"user":false,"username":null},"share":false,"company":"no","trash":false,"ext":"png","ext2":"png","thumb":false,"image":true,"crypt":false,"tag":null,"desc":null,"preview":true,"access":{"download":true,"upload":false,"edit":true,"remove":true,"read":true,"share":true,"guest":true},"count":{"folder":0,"file":0,"memo":0,"history":0},"flag":[""]},{"id":"12140","pid":"33","name":"Calendar6.2_2018-11-16 (2).png","text":"Calendar6.2_2018-11-16 (2).png","size":"101801","md5":"","author":"PhuongDofu1","authorId":"12","rootUserId":"12","regdate":"1601024253","type":"file","path":null,"sync":false,"star":false,"notify":false,"recover":null,"lock":{"status":false,"user":false,"username":null},"share":false,"company":"no","trash":false,"ext":"png","ext2":"png","thumb":false,"image":true,"crypt":false,"tag":null,"desc":null,"preview":true,"access":{"download":true,"upload":false,"edit":true,"remove":true,"read":true,"share":true,"guest":true},"count":{"folder":0,"file":0,"memo":0,"history":0},"flag":[""]},{"id":"12138","pid":"33","name":"Calendar6.2_2018-11-16.png","text":"Calendar6.2_2018-11-16.png","size":"101801","md5":"","author":"PhuongDofu1","authorId":"12","rootUserId":"12","regdate":"1601023026","type":"file","path":null,"sync":false,"star":false,"notify":false,"recover":null,"lock":{"status":false,"user":false,"username":null},"share":false,"company":"no","trash":false,"ext":"png","ext2":"png","thumb":false,"image":true,"crypt":false,"tag":null,"desc":null,"preview":true,"access":{"download":true,"upload":false,"edit":true,"remove":true,"read":true,"share":true,"guest":true},"count":{"folder":0,"file":0,"memo":0,"history":0},"flag":[""]},{"id":"12233","pid":"33","name":"cats (1) (1).jpg","text":"cats (1) (1).jpg","size":"25834","md5":"","author":"PhuongDofu1","authorId":"12","rootUserId":"12","regdate":"1602060853","type":"file","path":null,"sync":false,"star":false,"notify":false,"recover":null,"lock":{"status":false,"user":false,"username":null},"share":false,"company":"no","trash":false,"ext":"jpg","ext2":"jpg","thumb":false,"image":true,"crypt":false,"tag":null,"desc":null,"preview":true,"access":{"download":true,"upload":false,"edit":true,"remove":true,"read":true,"share":true,"guest":true},"count":{"folder":0,"file":0,"memo":0,"history":0},"flag":[""]},{"id":"12232","pid":"33","name":"cats (1).jpg","text":"cats (1).jpg","size":"25834","md5":"","author":"PhuongDofu1","authorId":"12","rootUserId":"12","regdate":"1602060551","type":"file","path":null,"sync":false,"star":false,"notify":false,"recover":null,"lock":{"status":false,"user":false,"username":null},"share":false,"company":"no","trash":false,"ext":"jpg","ext2":"jpg","thumb":false,"image":true,"crypt":false,"tag":null,"desc":null,"preview":true,"access":{"download":true,"upload":false,"edit":true,"remove":true,"read":true,"share":true,"guest":true},"count":{"folder":0,"file":0,"memo":0,"history":0},"flag":[""]},{"id":"12143","pid":"33","name":"cats.jpg","text":"cats.jpg","size":"25834","md5":"","author":"PhuongDofu1","authorId":"12","rootUserId":null,"regdate":"1601018996","type":"file","path":null,"sync":false,"star":false,"notify":false,"recover":null,"lock":{"status":false,"user":false,"username":null},"share":false,"company":"no","trash":false,"ext":"jpg","ext2":"jpg","thumb":false,"image":true,"crypt":false,"tag":null,"desc":null,"preview":true,"access":{"download":true,"upload":false,"edit":true,"remove":true,"read":true,"share":true,"guest":true},"count":{"folder":0,"file":0,"memo":0,"history":0},"flag":[""]},{"id":"11500","pid":"33","name":"change name.png","text":"change name.png","size":"174383","md5":"","author":"PhuongDofu1","authorId":"12","rootUserId":null,"regdate":"1595644103","type":"file","path":null,"sync":false,"star":false,"notify":false,"recover":null,"lock":{"status":false,"user":false,"username":null},"share":false,"company":"no","trash":false,"ext":"png","ext2":"png","thumb":false,"image":true,"crypt":false,"tag":null,"desc":null,"preview":true,"access":{"download":true,"upload":false,"edit":true,"remove":true,"read":true,"share":true,"guest":true},"count":{"folder":0,"file":0,"memo":1,"history":0},"flag":[""]},{"id":"12137","pid":"33","name":"clipboard28104748(1).png","text":"clipboard28104748(1).png","size":"109749","md5":"","author":"PhuongDofu1","authorId":"12","rootUserId":"12","regdate":"1601022904","type":"file","path":null,"sync":false,"star":false,"notify":false,"recover":null,"lock":{"status":false,"user":false,"username":null},"share":false,"company":"no","trash":false,"ext":"png","ext2":"png","thumb":false,"image":true,"crypt":false,"tag":null,"desc":null,"preview":true,"access":{"download":true,"upload":false,"edit":true,"remove":true,"read":true,"share":true,"guest":true},"count":{"folder":0,"file":0,"memo":0,"history":0},"flag":[""]},{"id":"12145","pid":"33","name":"Event Monthly.jpg","text":"Event Monthly.jpg","size":"457447","md5":"","author":"PhuongDofu1","authorId":"12","rootUserId":null,"regdate":"1601018999","type":"file","path":null,"sync":false,"star":false,"notify":false,"recover":null,"lock":{"status":false,"user":false,"username":null},"share":false,"company":"no","trash":false,"ext":"jpg","ext2":"jpg","thumb":false,"image":true,"crypt":false,"tag":null,"desc":null,"preview":true,"access":{"download":true,"upload":false,"edit":true,"remove":true,"read":true,"share":true,"guest":true},"count":{"folder":0,"file":0,"memo":0,"history":0},"flag":[""]},{"id":"12219","pid":"33","name":"lizze_1525082774 (1).png","text":"lizze_1525082774 (1).png","size":"174383","md5":"","author":"PhuongDofu1","authorId":"12","rootUserId":"12","regdate":"1602033743","type":"file","path":null,"sync":false,"star":false,"notify":false,"recover":null,"lock":{"status":false,"user":false,"username":null},"share":false,"company":"no","trash":false,"ext":"png","ext2":"png","thumb":false,"image":true,"crypt":false,"tag":null,"desc":null,"preview":true,"access":{"download":true,"upload":false,"edit":true,"remove":true,"read":true,"share":true,"guest":true},"count":{"folder":0,"file":0,"memo":0,"history":0},"flag":[""]},{"id":"12236","pid":"33","name":"lizze_1525082774 (10).png","text":"lizze_1525082774 (10).png","size":"174383","md5":"","author":"PhuongDofu1","authorId":"12","rootUserId":"12","regdate":"1602062874","type":"file","path":null,"sync":false,"star":false,"notify":false,"recover":null,"lock":{"status":false,"user":false,"username":null},"share":false,"company":"no","trash":false,"ext":"png","ext2":"png","thumb":false,"image":true,"crypt":false,"tag":null,"desc":null,"preview":true,"access":{"download":true,"upload":false,"edit":true,"remove":true,"read":true,"share":true,"guest":true},"count":{"folder":0,"file":0,"memo":0,"history":0},"flag":[""]},{"id":"12237","pid":"33","name":"lizze_1525082774 (11).png","text":"lizze_1525082774 (11).png","size":"174383","md5":"","author":"PhuongDofu1","authorId":"12","rootUserId":"12","regdate":"1602063204","type":"file","path":null,"sync":false,"star":false,"notify":false,"recover":null,"lock":{"status":false,"user":false,"username":null},"share":false,"company":"no","trash":false,"ext":"png","ext2":"png","thumb":false,"image":true,"crypt":false,"tag":null,"desc":null,"preview":true,"access":{"download":true,"upload":false,"edit":true,"remove":true,"read":true,"share":true,"guest":true},"count":{"folder":0,"file":0,"memo":0,"history":0},"flag":[""]},{"id":"12249","pid":"33","name":"lizze_1525082774 (12).png","text":"lizze_1525082774 (12).png","size":"174383","md5":"","author":"PhuongDofu1","authorId":"12","rootUserId":"12","regdate":"1602065225","type":"file","path":null,"sync":false,"star":false,"notify":false,"recover":null,"lock":{"status":false,"user":false,"username":null},"share":false,"company":"no","trash":false,"ext":"png","ext2":"png","thumb":false,"image":true,"crypt":false,"tag":null,"desc":null,"preview":true,"access":{"download":true,"upload":false,"edit":true,"remove":true,"read":true,"share":true,"guest":true},"count":{"folder":0,"file":0,"memo":0,"history":0},"flag":[""]},{"id":"12250","pid":"33","name":"lizze_1525082774 (13).png","text":"lizze_1525082774 (13).png","size":"174383","md5":"","author":"PhuongDofu1","authorId":"12","rootUserId":"12","regdate":"1602141984","type":"file","path":null,"sync":false,"star":false,"notify":false,"recover":null,"lock":{"status":false,"user":false,"username":null},"share":false,"company":"no","trash":false,"ext":"png","ext2":"png","thumb":false,"image":true,"crypt":false,"tag":null,"desc":null,"preview":true,"access":{"download":true,"upload":false,"edit":true,"remove":true,"read":true,"share":true,"guest":true},"count":{"folder":0,"file":0,"memo":0,"history":0},"flag":[""]},{"id":"12328","pid":"33","name":"lizze_1525082774 (14).png","text":"lizze_1525082774 (14).png","size":"174383","md5":"","author":"PhuongDofu1","authorId":"12","rootUserId":"12","regdate":"1602638042","type":"file","path":null,"sync":false,"star":false,"notify":false,"recover":null,"lock":{"status":false,"user":false,"username":null},"share":false,"company":"no","trash":false,"ext":"png","ext2":"png","thumb":false,"image":true,"crypt":false,"tag":null,"desc":null,"preview":true,"access":{"download":true,"upload":false,"edit":true,"remove":true,"read":true,"share":true,"guest":true},"count":{"folder":0,"file":0,"memo":0,"history":0},"flag":[""]},{"id":"12224","pid":"33","name":"lizze_1525082774 (2).png","text":"lizze_1525082774 (2).png","size":"174383","md5":"","author":"PhuongDofu1","authorId":"12","rootUserId":"12","regdate":"1602058444","type":"file","path":null,"sync":false,"star":false,"notify":false,"recover":null,"lock":{"status":false,"user":false,"username":null},"share":false,"company":"no","trash":false,"ext":"png","ext2":"png","thumb":false,"image":true,"crypt":false,"tag":null,"desc":null,"preview":true,"access":{"download":true,"upload":false,"edit":true,"remove":true,"read":true,"share":true,"guest":true},"count":{"folder":0,"file":0,"memo":0,"history":0},"flag":[""]},{"id":"12226","pid":"33","name":"lizze_1525082774 (3).png","text":"lizze_1525082774 (3).png","size":"174383","md5":"","author":"PhuongDofu1","authorId":"12","rootUserId":"12","regdate":"1602058914","type":"file","path":null,"sync":false,"star":false,"notify":false,"recover":null,"lock":{"status":false,"user":false,"username":null},"share":false,"company":"no","trash":false,"ext":"png","ext2":"png","thumb":false,"image":true,"crypt":false,"tag":null,"desc":null,"preview":true,"access":{"download":true,"upload":false,"edit":true,"remove":true,"read":true,"share":true,"guest":true},"count":{"folder":0,"file":0,"memo":0,"history":0},"flag":[""]},{"id":"12227","pid":"33","name":"lizze_1525082774 (4).png","text":"lizze_1525082774 (4).png","size":"174383","md5":"","author":"PhuongDofu1","authorId":"12","rootUserId":"12","regdate":"1602059086","type":"file","path":null,"sync":false,"star":false,"notify":false,"recover":null,"lock":{"status":false,"user":false,"username":null},"share":false,"company":"no","trash":false,"ext":"png","ext2":"png","thumb":false,"image":true,"crypt":false,"tag":null,"desc":null,"preview":true,"access":{"download":true,"upload":false,"edit":true,"remove":true,"read":true,"share":true,"guest":true},"count":{"folder":0,"file":0,"memo":0,"history":0},"flag":[""]},{"id":"12228","pid":"33","name":"lizze_1525082774 (5).png","text":"lizze_1525082774 (5).png","size":"174383","md5":"","author":"PhuongDofu1","authorId":"12","rootUserId":"12","regdate":"1602059177","type":"file","path":null,"sync":false,"star":false,"notify":false,"recover":null,"lock":{"status":false,"user":false,"username":null},"share":false,"company":"no","trash":false,"ext":"png","ext2":"png","thumb":false,"image":true,"crypt":false,"tag":null,"desc":null,"preview":true,"access":{"download":true,"upload":false,"edit":true,"remove":true,"read":true,"share":true,"guest":true},"count":{"folder":0,"file":0,"memo":0,"history":0},"flag":[""]},{"id":"12230","pid":"33","name":"lizze_1525082774 (6).png","text":"lizze_1525082774 (6).png","size":"174383","md5":"","author":"PhuongDofu1","authorId":"12","rootUserId":"12","regdate":"1602059437","type":"file","path":null,"sync":false,"star":false,"notify":false,"recover":null,"lock":{"status":false,"user":false,"username":null},"share":false,"company":"no","trash":false,"ext":"png","ext2":"png","thumb":false,"image":true,"crypt":false,"tag":null,"desc":null,"preview":true,"access":{"download":true,"upload":false,"edit":true,"remove":true,"read":true,"share":true,"guest":true},"count":{"folder":0,"file":0,"memo":0,"history":0},"flag":[""]},{"id":"12231","pid":"33","name":"lizze_1525082774 (7).png","text":"lizze_1525082774 (7).png","size":"174383","md5":"","author":"PhuongDofu1","authorId":"12","rootUserId":"12","regdate":"1602060405","type":"file","path":null,"sync":false,"star":false,"notify":false,"recover":null,"lock":{"status":false,"user":false,"username":null},"share":false,"company":"no","trash":false,"ext":"png","ext2":"png","thumb":false,"image":true,"crypt":false,"tag":null,"desc":null,"preview":true,"access":{"download":true,"upload":false,"edit":true,"remove":true,"read":true,"share":true,"guest":true},"count":{"folder":0,"file":0,"memo":0,"history":0},"flag":[""]},{"id":"12234","pid":"33","name":"lizze_1525082774 (8).png","text":"lizze_1525082774 (8).png","size":"174383","md5":"","author":"PhuongDofu1","authorId":"12","rootUserId":"12","regdate":"1602061546","type":"file","path":null,"sync":false,"star":false,"notify":false,"recover":null,"lock":{"status":false,"user":false,"username":null},"share":false,"company":"no","trash":false,"ext":"png","ext2":"png","thumb":false,"image":true,"crypt":false,"tag":null,"desc":null,"preview":true,"access":{"download":true,"upload":false,"edit":true,"remove":true,"read":true,"share":true,"guest":true},"count":{"folder":0,"file":0,"memo":0,"history":0},"flag":[""]},{"id":"12235","pid":"33","name":"lizze_1525082774 (9).png","text":"lizze_1525082774 (9).png","size":"174383","md5":"","author":"PhuongDofu1","authorId":"12","rootUserId":"12","regdate":"1602062777","type":"file","path":null,"sync":false,"star":false,"notify":false,"recover":null,"lock":{"status":false,"user":false,"username":null},"share":false,"company":"no","trash":false,"ext":"png","ext2":"png","thumb":false,"image":true,"crypt":false,"tag":null,"desc":null,"preview":true,"access":{"download":true,"upload":false,"edit":true,"remove":true,"read":true,"share":true,"guest":true},"count":{"folder":0,"file":0,"memo":0,"history":0},"flag":[""]},{"id":"12119","pid":"33","name":"lizze_1525082774.png","text":"lizze_1525082774.png","size":"174383","md5":"","author":"PhuongDofu1","authorId":"12","rootUserId":"12","regdate":"1600997496","type":"file","path":null,"sync":false,"star":false,"notify":false,"recover":null,"lock":{"status":false,"user":false,"username":null},"share":false,"company":"no","trash":false,"ext":"png","ext2":"png","thumb":false,"image":true,"crypt":false,"tag":null,"desc":null,"preview":true,"access":{"download":true,"upload":false,"edit":true,"remove":true,"read":true,"share":true,"guest":true},"count":{"folder":0,"file":0,"memo":0,"history":0},"flag":[""]},{"id":"12413","pid":"33","name":"otaway-nationalpark-australiamtourism (1).jpg","text":"otaway-nationalpark-australiamtourism (1).jpg","size":"307865","md5":"","author":"PhuongDofu1","authorId":"12","rootUserId":"12","regdate":"1603255843","type":"file","path":null,"sync":false,"star":false,"notify":false,"recover":null,"lock":{"status":false,"user":false,"username":null},"share":false,"company":"no","trash":false,"ext":"jpg","ext2":"jpg","thumb":false,"image":true,"crypt":false,"tag":null,"desc":null,"preview":true,"access":{"download":true,"upload":false,"edit":true,"remove":true,"read":true,"share":true,"guest":true},"count":{"folder":0,"file":0,"memo":0,"history":0},"flag":[""]},{"id":"13063","pid":"33","name":"otaway-nationalpark-australiamtourism (10).jpg","text":"otaway-nationalpark-australiamtourism (10).jpg","size":"307865","md5":"","author":"PhuongDofu1","authorId":"12","rootUserId":"12","regdate":"1606203555","type":"file","path":null,"sync":false,"star":false,"notify":false,"recover":null,"lock":{"status":false,"user":false,"username":null},"share":false,"company":"no","trash":false,"ext":"jpg","ext2":"jpg","thumb":false,"image":true,"crypt":false,"tag":null,"desc":null,"preview":true,"access":{"download":true,"upload":false,"edit":true,"remove":true,"read":true,"share":true,"guest":true},"count":{"folder":0,"file":0,"memo":0,"history":0},"flag":[""]},{"id":"13088","pid":"33","name":"otaway-nationalpark-australiamtourism (11).jpg","text":"otaway-nationalpark-australiamtourism (11).jpg","size":"307865","md5":"","author":"PhuongDofu1","authorId":"12","rootUserId":"12","regdate":"1606266584","type":"file","path":null,"sync":false,"star":false,"notify":false,"recover":null,"lock":{"status":false,"user":false,"username":null},"share":false,"company":"no","trash":false,"ext":"jpg","ext2":"jpg","thumb":false,"image":true,"crypt":false,"tag":null,"desc":null,"preview":true,"access":{"download":true,"upload":false,"edit":true,"remove":true,"read":true,"share":true,"guest":true},"count":{"folder":0,"file":0,"memo":0,"history":0},"flag":[""]},{"id":"13655","pid":"33","name":"otaway-nationalpark-australiamtourism (12).jpg","text":"otaway-nationalpark-australiamtourism (12).jpg","size":"307865","md5":"","author":"PhuongDofu1","authorId":"12","rootUserId":"12","regdate":"1606807422","type":"file","path":null,"sync":false,"star":false,"notify":false,"recover":null,"lock":{"status":false,"user":false,"username":null},"share":false,"company":"no","trash":false,"ext":"jpg","ext2":"jpg","thumb":false,"image":true,"crypt":false,"tag":null,"desc":null,"preview":true,"access":{"download":true,"upload":false,"edit":true,"remove":true,"read":true,"share":true,"guest":true},"count":{"folder":0,"file":0,"memo":0,"history":0},"flag":[""]},{"id":"13656","pid":"33","name":"otaway-nationalpark-australiamtourism (13).jpg","text":"otaway-nationalpark-australiamtourism (13).jpg","size":"307865","md5":"","author":"PhuongDofu1","authorId":"12","rootUserId":"12","regdate":"1606807564","type":"file","path":null,"sync":false,"star":false,"notify":false,"recover":null,"lock":{"status":false,"user":false,"username":null},"share":false,"company":"no","trash":false,"ext":"jpg","ext2":"jpg","thumb":false,"image":true,"crypt":false,"tag":null,"desc":null,"preview":true,"access":{"download":true,"upload":false,"edit":true,"remove":true,"read":true,"share":true,"guest":true},"count":{"folder":0,"file":0,"memo":0,"history":0},"flag":[""]},{"id":"13657","pid":"33","name":"otaway-nationalpark-australiamtourism (14).jpg","text":"otaway-nationalpark-australiamtourism (14).jpg","size":"307865","md5":"","author":"PhuongDofu1","authorId":"12","rootUserId":"12","regdate":"1606809813","type":"file","path":null,"sync":false,"star":false,"notify":false,"recover":null,"lock":{"status":false,"user":false,"username":null},"share":false,"company":"no","trash":false,"ext":"jpg","ext2":"jpg","thumb":false,"image":true,"crypt":false,"tag":null,"desc":null,"preview":true,"access":{"download":true,"upload":false,"edit":true,"remove":true,"read":true,"share":true,"guest":true},"count":{"folder":0,"file":0,"memo":0,"history":0},"flag":[""]},{"id":"13658","pid":"33","name":"otaway-nationalpark-australiamtourism (15).jpg","text":"otaway-nationalpark-australiamtourism (15).jpg","size":"307865","md5":"","author":"PhuongDofu1","authorId":"12","rootUserId":"12","regdate":"1606809895","type":"file","path":null,"sync":false,"star":false,"notify":false,"recover":null,"lock":{"status":false,"user":false,"username":null},"share":false,"company":"no","trash":false,"ext":"jpg","ext2":"jpg","thumb":false,"image":true,"crypt":false,"tag":null,"desc":null,"preview":true,"access":{"download":true,"upload":false,"edit":true,"remove":true,"read":true,"share":true,"guest":true},"count":{"folder":0,"file":0,"memo":0,"history":0},"flag":[""]},{"id":"13659","pid":"33","name":"otaway-nationalpark-australiamtourism (16).jpg","text":"otaway-nationalpark-australiamtourism (16).jpg","size":"307865","md5":"","author":"PhuongDofu1","authorId":"12","rootUserId":"12","regdate":"1606810378","type":"file","path":null,"sync":false,"star":false,"notify":false,"recover":null,"lock":{"status":false,"user":false,"username":null},"share":false,"company":"no","trash":false,"ext":"jpg","ext2":"jpg","thumb":false,"image":true,"crypt":false,"tag":null,"desc":null,"preview":true,"access":{"download":true,"upload":false,"edit":true,"remove":true,"read":true,"share":true,"guest":true},"count":{"folder":0,"file":0,"memo":0,"history":0},"flag":[""]},{"id":"12448","pid":"33","name":"otaway-nationalpark-australiamtourism (2).jpg","text":"otaway-nationalpark-australiamtourism (2).jpg","size":"307865","md5":"","author":"PhuongDofu1","authorId":"12","rootUserId":"12","regdate":"1603688303","type":"file","path":null,"sync":false,"star":false,"notify":false,"recover":null,"lock":{"status":false,"user":false,"username":null},"share":false,"company":"no","trash":false,"ext":"jpg","ext2":"jpg","thumb":false,"image":true,"crypt":false,"tag":null,"desc":null,"preview":true,"access":{"download":true,"upload":false,"edit":true,"remove":true,"read":true,"share":true,"guest":true},"count":{"folder":0,"file":0,"memo":0,"history":0},"flag":[""]},{"id":"12477","pid":"33","name":"otaway-nationalpark-australiamtourism (3).jpg","text":"otaway-nationalpark-australiamtourism (3).jpg","size":"307865","md5":"","author":"PhuongDofu1","authorId":"12","rootUserId":"12","regdate":"1603847569","type":"file","path":null,"sync":false,"star":false,"notify":false,"recover":null,"lock":{"status":false,"user":false,"username":null},"share":false,"company":"no","trash":false,"ext":"jpg","ext2":"jpg","thumb":false,"image":true,"crypt":false,"tag":null,"desc":null,"preview":true,"access":{"download":true,"upload":false,"edit":true,"remove":true,"read":true,"share":true,"guest":true},"count":{"folder":0,"file":0,"memo":0,"history":0},"flag":[""]},{"id":"12702","pid":"33","name":"otaway-nationalpark-australiamtourism (4).jpg","text":"otaway-nationalpark-australiamtourism (4).jpg","size":"307865","md5":"","author":"PhuongDofu1","authorId":"12","rootUserId":"12","regdate":"1604452135","type":"file","path":null,"sync":false,"star":false,"notify":false,"recover":null,"lock":{"status":false,"user":false,"username":null},"share":false,"company":"no","trash":false,"ext":"jpg","ext2":"jpg","thumb":false,"image":true,"crypt":false,"tag":null,"desc":null,"preview":true,"access":{"download":true,"upload":false,"edit":true,"remove":true,"read":true,"share":true,"guest":true},"count":{"folder":0,"file":0,"memo":0,"history":0},"flag":[""]},{"id":"12712","pid":"33","name":"otaway-nationalpark-australiamtourism (5).jpg","text":"otaway-nationalpark-australiamtourism (5).jpg","size":"307865","md5":"","author":"PhuongDofu1","authorId":"12","rootUserId":"12","regdate":"1604463305","type":"file","path":null,"sync":false,"star":false,"notify":false,"recover":null,"lock":{"status":false,"user":false,"username":null},"share":false,"company":"no","trash":false,"ext":"jpg","ext2":"jpg","thumb":false,"image":true,"crypt":false,"tag":null,"desc":null,"preview":true,"access":{"download":true,"upload":false,"edit":true,"remove":true,"read":true,"share":true,"guest":true},"count":{"folder":0,"file":0,"memo":0,"history":0},"flag":[""]},{"id":"12739","pid":"33","name":"otaway-nationalpark-australiamtourism (6).jpg","text":"otaway-nationalpark-australiamtourism (6).jpg","size":"307865","md5":"","author":"PhuongDofu1","authorId":"12","rootUserId":"12","regdate":"1605058488","type":"file","path":null,"sync":false,"star":false,"notify":false,"recover":null,"lock":{"status":false,"user":false,"username":null},"share":false,"company":"no","trash":false,"ext":"jpg","ext2":"jpg","thumb":false,"image":true,"crypt":false,"tag":null,"desc":null,"preview":true,"access":{"download":true,"upload":false,"edit":true,"remove":true,"read":true,"share":true,"guest":true},"count":{"folder":0,"file":0,"memo":0,"history":0},"flag":[""]},{"id":"12830","pid":"33","name":"otaway-nationalpark-australiamtourism (7).jpg","text":"otaway-nationalpark-australiamtourism (7).jpg","size":"307865","md5":"","author":"PhuongDofu1","authorId":"12","rootUserId":"12","regdate":"1605661292","type":"file","path":null,"sync":false,"star":false,"notify":false,"recover":null,"lock":{"status":false,"user":false,"username":null},"share":false,"company":"no","trash":false,"ext":"jpg","ext2":"jpg","thumb":false,"image":true,"crypt":false,"tag":null,"desc":null,"preview":true,"access":{"download":true,"upload":false,"edit":true,"remove":true,"read":true,"share":true,"guest":true},"count":{"folder":0,"file":0,"memo":0,"history":0},"flag":[""]},{"id":"13035","pid":"33","name":"otaway-nationalpark-australiamtourism (8).jpg","text":"otaway-nationalpark-australiamtourism (8).jpg","size":"307865","md5":"","author":"PhuongDofu1","authorId":"12","rootUserId":"12","regdate":"1606116535","type":"file","path":null,"sync":false,"star":false,"notify":false,"recover":null,"lock":{"status":false,"user":false,"username":null},"share":false,"company":"no","trash":false,"ext":"jpg","ext2":"jpg","thumb":false,"image":true,"crypt":false,"tag":null,"desc":null,"preview":true,"access":{"download":true,"upload":false,"edit":true,"remove":true,"read":true,"share":true,"guest":true},"count":{"folder":0,"file":0,"memo":0,"history":0},"flag":[""]},{"id":"13036","pid":"33","name":"otaway-nationalpark-australiamtourism (9).jpg","text":"otaway-nationalpark-australiamtourism (9).jpg","size":"307865","md5":"","author":"PhuongDofu1","authorId":"12","rootUserId":"12","regdate":"1606118962","type":"file","path":null,"sync":false,"star":false,"notify":false,"recover":null,"lock":{"status":false,"user":false,"username":null},"share":false,"company":"no","trash":false,"ext":"jpg","ext2":"jpg","thumb":false,"image":true,"crypt":false,"tag":null,"desc":null,"preview":true,"access":{"download":true,"upload":false,"edit":true,"remove":true,"read":true,"share":true,"guest":true},"count":{"folder":0,"file":0,"memo":0,"history":0},"flag":[""]},{"id":"12410","pid":"33","name":"otaway-nationalpark-australiamtourism.jpg","text":"otaway-nationalpark-australiamtourism.jpg","size":"307865","md5":"","author":"PhuongDofu1","authorId":"12","rootUserId":"12","regdate":"1603252761","type":"file","path":null,"sync":false,"star":false,"notify":false,"recover":null,"lock":{"status":false,"user":false,"username":null},"share":false,"company":"no","trash":false,"ext":"jpg","ext2":"jpg","thumb":false,"image":true,"crypt":false,"tag":null,"desc":null,"preview":true,"access":{"download":true,"upload":false,"edit":true,"remove":true,"read":true,"share":true,"guest":true},"count":{"folder":0,"file":0,"memo":0,"history":0},"flag":[""]},{"id":"11821","pid":"33","name":"Project2_2020.08.26.mp4","text":"Project2_2020.08.26.mp4","size":"4242153","md5":"","author":"PhuongDofu1","authorId":"12","rootUserId":"12","regdate":"1598502641","type":"file","path":null,"sync":false,"star":false,"notify":false,"recover":null,"lock":{"status":false,"user":false,"username":null},"share":false,"company":"no","trash":false,"ext":"mp4","ext2":"mp4","thumb":false,"image":false,"crypt":false,"tag":null,"desc":null,"preview":false,"access":{"download":true,"upload":false,"edit":true,"remove":true,"read":true,"share":true,"guest":true},"count":{"folder":0,"file":0,"memo":0,"history":0},"flag":[""]},{"id":"11487","pid":"33","name":"RealTime1_2020.06.24 (1).jpg","text":"RealTime1_2020.06.24 (1).jpg","size":"94009","md5":"","author":"PhuongDofu1","authorId":"12","rootUserId":"12","regdate":"1595918154","type":"file","path":null,"sync":false,"star":false,"notify":false,"recover":null,"lock":{"status":false,"user":false,"username":null},"share":false,"company":"no","trash":false,"ext":"jpg","ext2":"jpg","thumb":false,"image":true,"crypt":false,"tag":null,"desc":null,"preview":true,"access":{"download":true,"upload":false,"edit":true,"remove":true,"read":true,"share":true,"guest":true},"count":{"folder":0,"file":0,"memo":0,"history":0},"flag":[""]},{"id":"11377","pid":"33","name":"RealTime1_2020.06.24.jpg","text":"RealTime1_2020.06.24.jpg","size":"94009","md5":"","author":"PhuongDofu1","authorId":"12","rootUserId":"12","regdate":"1595323124","type":"file","path":null,"sync":false,"star":false,"notify":false,"recover":null,"lock":{"status":false,"user":false,"username":null},"share":false,"company":"no","trash":false,"ext":"jpg","ext2":"jpg","thumb":false,"image":true,"crypt":false,"tag":null,"desc":null,"preview":true,"access":{"download":true,"upload":false,"edit":true,"remove":true,"read":true,"share":true,"guest":true},"count":{"folder":0,"file":0,"memo":0,"history":0},"flag":[""]},{"id":"11482","pid":"33","name":"Resource (6).xls","text":"Resource (6).xls","size":"5632","md5":"","author":"PhuongDofu1","authorId":"12","rootUserId":"12","regdate":"1595660633","type":"file","path":null,"sync":false,"star":false,"notify":false,"recover":null,"lock":{"status":false,"user":false,"username":null},"share":false,"company":"no","trash":false,"ext":"xls","ext2":"xls","thumb":false,"image":false,"crypt":false,"tag":null,"desc":null,"preview":true,"access":{"download":true,"upload":false,"edit":true,"remove":true,"read":true,"share":true,"guest":true},"count":{"folder":0,"file":0,"memo":0,"history":0},"flag":[""]},{"id":"12029","pid":"33","name":"sample (4).xls","text":"sample (4).xls","size":"6144","md5":"","author":"PhuongDofu1","authorId":"12","rootUserId":"12","regdate":"1600910237","type":"file","path":null,"sync":false,"star":false,"notify":false,"recover":null,"lock":{"status":false,"user":false,"username":null},"share":false,"company":"no","trash":false,"ext":"xls","ext2":"xls","thumb":false,"image":false,"crypt":false,"tag":null,"desc":null,"preview":true,"access":{"download":true,"upload":false,"edit":true,"remove":true,"read":true,"share":true,"guest":true},"count":{"folder":0,"file":0,"memo":0,"history":0},"flag":[""]},{"id":"11571","pid":"33","name":"Screenshot_191.jpg","text":"Screenshot_191.jpg","size":"86086","md5":"","author":"PhuongDofu1","authorId":"12","rootUserId":"12","regdate":"1597202192","type":"file","path":null,"sync":false,"star":false,"notify":false,"recover":null,"lock":{"status":false,"user":false,"username":null},"share":false,"company":"no","trash":false,"ext":"jpg","ext2":"jpg","thumb":false,"image":true,"crypt":false,"tag":null,"desc":null,"preview":true,"access":{"download":true,"upload":false,"edit":true,"remove":true,"read":true,"share":true,"guest":true},"count":{"folder":0,"file":0,"memo":0,"history":0},"flag":[""]},{"id":"11839","pid":"33","name":"Screenshot_211.jpg","text":"Screenshot_211.jpg","size":"149857","md5":"","author":"PhuongDofu1","authorId":"12","rootUserId":"12","regdate":"1598958438","type":"file","path":null,"sync":false,"star":false,"notify":false,"recover":null,"lock":{"status":false,"user":false,"username":null},"share":false,"company":"no","trash":false,"ext":"jpg","ext2":"jpg","thumb":false,"image":true,"crypt":false,"tag":null,"desc":null,"preview":true,"access":{"download":true,"upload":false,"edit":true,"remove":true,"read":true,"share":true,"guest":true},"count":{"folder":0,"file":0,"memo":0,"history":0},"flag":[""]},{"id":"12229","pid":"33","name":"Screenshot_225.jpg","text":"Screenshot_225.jpg","size":"73691","md5":"","author":"PhuongDofu1","authorId":"12","rootUserId":"12","regdate":"1602059228","type":"file","path":null,"sync":false,"star":false,"notify":false,"recover":null,"lock":{"status":false,"user":false,"username":null},"share":false,"company":"no","trash":false,"ext":"jpg","ext2":"jpg","thumb":false,"image":true,"crypt":false,"tag":null,"desc":null,"preview":true,"access":{"download":true,"upload":false,"edit":true,"remove":true,"read":true,"share":true,"guest":true},"count":{"folder":0,"file":0,"memo":0,"history":0},"flag":[""]},{"id":"12225","pid":"33","name":"Screenshot_228.jpg","text":"Screenshot_228.jpg","size":"39289","md5":"","author":"PhuongDofu1","authorId":"12","rootUserId":"12","regdate":"1602058498","type":"file","path":null,"sync":false,"star":false,"notify":false,"recover":null,"lock":{"status":false,"user":false,"username":null},"share":false,"company":"no","trash":false,"ext":"jpg","ext2":"jpg","thumb":false,"image":true,"crypt":false,"tag":null,"desc":null,"preview":true,"access":{"download":true,"upload":false,"edit":true,"remove":true,"read":true,"share":true,"guest":true},"count":{"folder":0,"file":0,"memo":0,"history":0},"flag":[""]}],"access":{"download":true,"upload":true,"edit":true,"remove":true,"read":true,"share":true,"guest":true}}